transaction_id,customer_id,product_id,quantity,price,transaction_date,payment_type,status
TXN0667,C12359,P12354,3,34.99,2024-04-14,Debit Card,Completed
TXN0168,C12350,P12365,5,299.99,2024-04-14,Credit Card,Completed
TXN0682,C12352,P12355,7,39.99,2024-04-14,Debit Card,Completed
TXN0827,C12351,P12350,3,69.99,2024-04-14,Credit Card,Completed
TXN0222,C12359,P12363,4,199.99,2024-04-14,Credit Card,Completed
TXN0086,C12365,P12365,2,299.99,2024-04-14,UPI,Completed
TXN0999,C12363,P12346,6,29.99,2024-04-14,UPI,Completed
TXN0189,C12353,P12348,10,49.99,2024-04-14,Debit Card,Completed
TXN0183,C12362,P12365,6,299.99,2024-04-14,UPI,Completed
TXN0715,C12350,P12349,7,59.99,2024-04-14,UPI,Completed
TXN0961,C12350,P12356,1,39.99,2024-04-14,UPI,Completed
TXN0947,C12353,P12349,3,59.99,2024-04-14,Credit Card,Completed
TXN0249,C12358,P12354,4,34.99,2024-04-14,Debit Card,Completed
TXN0445,C12357,P12359,6,69.99,2024-04-14,Debit Card,Completed
TXN0790,C12352,P12352,5,24.99,2024-04-14,UPI,Completed
TXN0764,C12349,P12362,6,149.99,2024-04-14,UPI,Completed
TXN0681,C12358,P12354,9,34.99,2024-04-14,UPI,Completed
TXN0430,C12360,P12362,8,149.99,2024-04-14,Credit Card,Completed
TXN0728,C12359,P12350,10,69.99,2024-04-14,Debit Card,Completed
TXN0272,C12364,P12348,9,49.99,2024-04-14,Debit Card,Completed
TXN0452,C12365,P12349,7,59.99,2024-04-14,UPI,Completed
TXN0032,C12350,P12357,10,49.99,2024-04-14,Credit Card,Completed
TXN0634,C12351,P12357,6,49.99,2024-04-14,Debit Card,Completed
TXN0106,C12352,P12365,1,299.99,2024-04-14,Credit Card,Completed
TXN0529,C12362,P12362,1,149.99,2024-04-14,Credit Card,Completed
TXN0091,C12346,P12349,8,59.99,2024-04-14,Credit Card,Completed
TXN0165,C12355,P12347,4,39.99,2024-04-14,Credit Card,Completed
TXN0892,C12363,P12355,1,39.99,2024-04-14,Debit Card,Completed
TXN0578,C12349,P12349,4,59.99,2024-04-14,Debit Card,Completed
TXN0237,C12364,P12363,5,199.99,2024-04-14,Credit Card,Completed
TXN0639,C12350,P12358,2,59.99,2024-04-14,UPI,Completed
TXN0330,C12351,P12362,10,149.99,2024-04-14,Credit Card,Completed
TXN0038,C12353,P12352,2,24.99,2024-04-14,UPI,Completed
TXN0668,C12354,P12352,8,24.99,2024-04-14,Credit Card,Completed
TXN0415,C12364,P12355,5,39.99,2024-04-14,Debit Card,Completed
TXN0409,C12362,P12355,8,39.99,2024-04-14,UPI,Completed
TXN0832,C12348,P12361,9,99.99,2024-04-14,Debit Card,Completed
TXN0754,C12353,P12358,3,59.99,2024-04-14,Debit Card,Completed
TXN0809,C12350,P12359,6,69.99,2024-04-14,Credit Card,Completed
TXN0080,C12358,P12364,6,249.99,2024-04-14,Debit Card,Completed
TXN0256,C12352,P12364,10,249.99,2024-04-14,Debit Card,Completed
TXN0904,C12354,P12348,8,49.99,2024-04-14,Debit Card,Completed
TXN0139,C12363,P12352,1,24.99,2024-04-14,UPI,Completed
TXN0695,C12355,P12361,6,99.99,2024-04-14,Credit Card,Completed
TXN0244,C12364,P12365,7,299.99,2024-04-14,Credit Card,Completed
TXN0890,C12365,P12353,9,29.99,2024-04-14,UPI,Completed
TXN0964,C12346,P12355,3,39.99,2024-04-14,Credit Card,Completed
TXN0490,C12346,P12353,9,29.99,2024-04-14,UPI,Completed
TXN0436,C12364,P12350,6,69.99,2024-04-14,Debit Card,Completed
TXN0876,C12347,P12364,4,249.99,2024-04-14,UPI,Completed
TXN0866,C12346,P12355,8,39.99,2024-04-14,Credit Card,Completed
TXN0117,C12346,P12359,7,69.99,2024-04-14,UPI,Completed
TXN0251,C12356,P12356,9,39.99,2024-04-14,Debit Card,Completed
TXN0942,C12356,P12364,6,249.99,2024-04-14,Debit Card,Completed
TXN0074,C12362,P12362,7,149.99,2024-04-14,Debit Card,Completed
TXN0619,C12353,P12352,5,24.99,2024-04-14,Credit Card,Completed
TXN0729,C12357,P12363,3,199.99,2024-04-14,UPI,Completed
TXN0848,C12348,P12346,3,29.99,2024-04-14,Credit Card,Completed
TXN0271,C12362,P12352,3,24.99,2024-04-14,UPI,Completed
TXN0857,C12355,P12363,10,199.99,2024-04-14,UPI,Completed
TXN0044,C12346,P12355,10,39.99,2024-04-14,Credit Card,Completed
TXN0893,C12360,P12355,5,39.99,2024-04-14,Debit Card,Completed
TXN0008,C12361,P12361,4,99.99,2024-04-14,Debit Card,Completed
TXN0822,C12352,P12363,1,199.99,2024-04-14,Debit Card,Completed
TXN0669,C12352,P12346,2,29.99,2024-04-14,Credit Card,Completed
TXN0972,C12347,P12353,1,29.99,2024-04-14,UPI,Completed
TXN0560,C12351,P12356,5,39.99,2024-04-14,Credit Card,Completed
TXN0861,C12355,P12359,4,69.99,2024-04-14,UPI,Completed
TXN0039,C12360,P12350,10,69.99,2024-04-14,UPI,Completed
TXN0880,C12350,P12356,5,39.99,2024-04-14,Credit Card,Completed
TXN0392,C12357,P12356,10,39.99,2024-04-14,Credit Card,Completed
TXN0013,C12365,P12353,6,29.99,2024-04-14,Credit Card,Completed
TXN0078,C12353,P12359,7,69.99,2024-04-14,UPI,Completed
TXN0586,C12365,P12362,10,149.99,2024-04-14,Debit Card,Completed
TXN0469,C12354,P12359,10,69.99,2024-04-14,Debit Card,Completed
TXN0717,C12353,P12353,7,29.99,2024-04-14,UPI,Completed
TXN0951,C12349,P12348,9,49.99,2024-04-14,Credit Card,Completed
TXN0696,C12361,P12352,7,24.99,2024-04-14,Debit Card,Completed
TXN0414,C12346,P12359,9,69.99,2024-04-14,Credit Card,Completed
TXN0998,C12350,P12346,1,29.99,2024-04-14,UPI,Completed
TXN0175,C12362,P12363,8,199.99,2024-04-14,Debit Card,Completed
TXN0765,C12355,P12347,2,39.99,2024-04-14,UPI,Completed
TXN0831,C12365,P12362,3,149.99,2024-04-14,Debit Card,Completed
TXN0072,C12363,P12353,5,29.99,2024-04-14,Credit Card,Completed
TXN0666,C12349,P12359,3,69.99,2024-04-14,Credit Card,Completed
TXN0817,C12354,P12351,6,19.99,2024-04-14,Debit Card,Completed
TXN0269,C12360,P12359,2,69.99,2024-04-14,Credit Card,Completed
TXN0797,C12350,P12356,5,39.99,2024-04-14,UPI,Completed
TXN0957,C12363,P12365,6,299.99,2024-04-14,Debit Card,Completed
TXN0568,C12364,P12356,4,39.99,2024-04-14,UPI,Completed
TXN0058,C12360,P12348,7,49.99,2024-04-14,Credit Card,Completed
TXN0622,C12365,P12359,7,69.99,2024-04-14,UPI,Completed
TXN0266,C12347,P12349,7,59.99,2024-04-14,UPI,Completed
TXN0340,C12350,P12356,3,39.99,2024-04-14,Credit Card,Completed
TXN0259,C12352,P12357,1,49.99,2024-04-14,UPI,Completed
TXN0996,C12346,P12360,6,79.99,2024-04-14,Debit Card,Completed
TXN0645,C12363,P12365,9,299.99,2024-04-14,Credit Card,Completed
TXN0338,C12353,P12364,5,249.99,2024-04-14,Debit Card,Completed
TXN0282,C12358,P12354,1,34.99,2024-04-14,Debit Card,Completed
TXN0176,C12350,P12353,7,29.99,2024-04-14,Debit Card,Completed
TXN0549,C12350,P12352,5,24.99,2024-04-14,Debit Card,Completed
TXN0223,C12361,P12348,3,49.99,2024-04-14,Debit Card,Completed
TXN0045,C12355,P12358,2,59.99,2024-04-14,UPI,Completed
TXN0674,C12351,P12348,9,49.99,2024-04-14,Credit Card,Completed
TXN0239,C12347,P12361,4,99.99,2024-04-14,UPI,Completed
TXN0228,C12355,P12360,8,79.99,2024-04-14,Credit Card,Completed
TXN0034,C12352,P12365,8,299.99,2024-04-14,Credit Card,Completed
TXN0336,C12354,P12359,7,69.99,2024-04-14,Credit Card,Completed
TXN0068,C12353,P12355,6,39.99,2024-04-14,Debit Card,Completed
TXN0781,C12355,P12362,10,149.99,2024-04-14,Credit Card,Completed
TXN0799,C12365,P12358,2,59.99,2024-04-14,Debit Card,Completed
TXN0660,C12352,P12357,2,49.99,2024-04-14,Debit Card,Completed
TXN0426,C12348,P12365,6,299.99,2024-04-14,UPI,Completed
TXN0702,C12355,P12359,9,69.99,2024-04-14,Credit Card,Completed
TXN0395,C12364,P12365,1,299.99,2024-04-14,Debit Card,Completed
TXN0447,C12346,P12362,6,149.99,2024-04-14,UPI,Completed
TXN0933,C12362,P12348,10,49.99,2024-04-14,Debit Card,Completed
TXN0434,C12347,P12357,10,49.99,2024-04-14,UPI,Completed
TXN0548,C12347,P12365,8,299.99,2024-04-14,UPI,Completed
TXN0327,C12364,P12351,6,19.99,2024-04-14,Debit Card,Completed
TXN0844,C12346,P12353,2,29.99,2024-04-14,Debit Card,Completed
TXN0636,C12353,P12346,9,29.99,2024-04-14,Debit Card,Completed
TXN0727,C12355,P12349,10,59.99,2024-04-14,Credit Card,Completed
TXN0020,C12352,P12361,5,99.99,2024-04-14,UPI,Completed
TXN0969,C12358,P12362,9,149.99,2024-04-14,Debit Card,Completed
TXN0195,C12351,P12354,8,34.99,2024-04-14,UPI,Completed
TXN0829,C12354,P12355,5,39.99,2024-04-14,Debit Card,Completed
TXN0773,C12352,P12359,9,69.99,2024-04-14,Debit Card,Completed
TXN0621,C12349,P12347,1,39.99,2024-04-14,Debit Card,Completed
TXN0354,C12362,P12364,10,249.99,2024-04-14,UPI,Completed
TXN0635,C12350,P12354,8,34.99,2024-04-14,UPI,Completed
TXN0350,C12358,P12353,5,29.99,2024-04-14,UPI,Completed
TXN0006,C12360,P12350,5,69.99,2024-04-14,UPI,Completed
TXN0360,C12348,P12359,2,69.99,2024-04-14,Credit Card,Completed
TXN0520,C12346,P12361,7,99.99,2024-04-14,Debit Card,Completed
TXN0314,C12347,P12364,2,249.99,2024-04-14,Debit Card,Completed
TXN0326,C12349,P12359,4,69.99,2024-04-14,UPI,Completed
TXN0927,C12363,P12350,9,69.99,2024-04-14,UPI,Completed
TXN0054,C12351,P12355,3,39.99,2024-04-14,Debit Card,Completed
TXN0694,C12360,P12365,4,299.99,2024-04-14,Credit Card,Completed
TXN0095,C12346,P12363,4,199.99,2024-04-14,UPI,Completed
TXN0389,C12354,P12359,2,69.99,2024-04-14,Debit Card,Completed
TXN0806,C12349,P12359,2,69.99,2024-04-14,UPI,Completed
TXN0238,C12357,P12364,8,249.99,2024-04-14,UPI,Completed
TXN0140,C12351,P12358,5,59.99,2024-04-14,Debit Card,Completed
TXN0813,C12363,P12350,5,69.99,2024-04-14,Credit Card,Completed
TXN0677,C12353,P12356,8,39.99,2024-04-14,Credit Card,Completed
TXN0743,C12346,P12358,3,59.99,2024-04-14,Credit Card,Completed
TXN0307,C12355,P12347,6,39.99,2024-04-14,Debit Card,Completed
TXN0512,C12365,P12348,10,49.99,2024-04-14,UPI,Completed
TXN0527,C12357,P12363,4,199.99,2024-04-14,Debit Card,Completed
TXN0663,C12364,P12350,7,69.99,2024-04-14,UPI,Completed
TXN0119,C12348,P12356,3,39.99,2024-04-14,Debit Card,Completed
TXN0873,C12353,P12356,3,39.99,2024-04-14,Debit Card,Completed
TXN0348,C12346,P12359,9,69.99,2024-04-14,Debit Card,Completed
TXN0188,C12351,P12346,10,29.99,2024-04-14,UPI,Completed
TXN0522,C12347,P12355,10,39.99,2024-04-14,Debit Card,Completed
TXN0767,C12350,P12360,3,79.99,2024-04-14,UPI,Completed
TXN0497,C12357,P12355,8,39.99,2024-04-14,Credit Card,Completed
TXN0905,C12359,P12348,9,49.99,2024-04-14,Credit Card,Completed
TXN0478,C12347,P12362,7,149.99,2024-04-14,Credit Card,Completed
TXN0453,C12351,P12351,3,19.99,2024-04-14,Debit Card,Completed
TXN0145,C12362,P12356,7,39.99,2024-04-14,UPI,Completed
TXN0364,C12361,P12360,10,79.99,2024-04-14,UPI,Completed
TXN0937,C12357,P12346,2,29.99,2024-04-14,Credit Card,Completed
TXN0297,C12363,P12348,1,49.99,2024-04-14,UPI,Completed
TXN0025,C12354,P12354,3,34.99,2024-04-14,UPI,Completed
TXN0789,C12362,P12349,5,59.99,2024-04-14,Credit Card,Completed
TXN0407,C12364,P12363,9,199.99,2024-04-14,Credit Card,Completed
TXN0431,C12347,P12356,6,39.99,2024-04-14,Debit Card,Completed
TXN0627,C12359,P12348,8,49.99,2024-04-14,Debit Card,Completed
TXN0923,C12353,P12361,5,99.99,2024-04-14,UPI,Completed
TXN0970,C12352,P12357,2,49.99,2024-04-14,Credit Card,Completed
TXN0137,C12358,P12363,10,199.99,2024-04-14,UPI,Completed
TXN0130,C12362,P12356,7,39.99,2024-04-14,Debit Card,Completed
TXN0718,C12346,P12357,2,49.99,2024-04-14,Credit Card,Completed
TXN0625,C12359,P12358,2,59.99,2024-04-14,Debit Card,Completed
TXN0922,C12359,P12360,3,79.99,2024-04-14,Debit Card,Completed
TXN0114,C12346,P12347,5,39.99,2024-04-14,Debit Card,Completed
TXN0531,C12364,P12354,2,34.99,2024-04-14,UPI,Completed
TXN0004,C12349,P12351,1,19.99,2024-04-14,Credit Card,Completed
TXN0703,C12359,P12352,8,24.99,2024-04-14,Debit Card,Completed
TXN0963,C12350,P12351,6,19.99,2024-04-14,Credit Card,Completed
TXN0623,C12351,P12349,4,59.99,2024-04-14,UPI,Completed
TXN0352,C12358,P12352,3,24.99,2024-04-14,Credit Card,Completed
TXN0581,C12355,P12357,4,49.99,2024-04-14,UPI,Completed
TXN0339,C12355,P12365,1,299.99,2024-04-14,Debit Card,Completed
TXN0882,C12359,P12361,7,99.99,2024-04-14,Debit Card,Completed
TXN0973,C12359,P12353,1,29.99,2024-04-14,Debit Card,Completed
TXN0464,C12353,P12358,10,59.99,2024-04-14,UPI,Completed
TXN0194,C12356,P12348,10,49.99,2024-04-14,Credit Card,Completed
TXN0467,C12354,P12365,5,299.99,2024-04-14,UPI,Completed
TXN0089,C12359,P12346,4,29.99,2024-04-14,UPI,Completed
TXN0438,C12352,P12363,10,199.99,2024-04-14,Debit Card,Completed
TXN0284,C12353,P12346,1,29.99,2024-04-14,Debit Card,Completed
TXN0864,C12351,P12364,10,249.99,2024-04-14,UPI,Completed
TXN0353,C12354,P12354,7,34.99,2024-04-14,Debit Card,Completed
TXN0802,C12354,P12348,10,49.99,2024-04-14,Debit Card,Completed
TXN0221,C12358,P12353,10,29.99,2024-04-14,Debit Card,Completed
TXN0090,C12350,P12362,4,149.99,2024-04-14,Credit Card,Completed
TXN0533,C12357,P12361,2,99.99,2024-04-14,Debit Card,Completed
TXN0583,C12362,P12359,10,69.99,2024-04-14,Debit Card,Completed
TXN0782,C12350,P12362,7,149.99,2024-04-14,UPI,Completed
TXN0854,C12363,P12349,8,59.99,2024-04-14,UPI,Completed
TXN0285,C12348,P12352,6,24.99,2024-04-14,UPI,Completed
TXN0206,C12355,P12357,2,49.99,2024-04-14,UPI,Completed
TXN0017,C12360,P12362,2,149.99,2024-04-14,Debit Card,Completed
TXN0127,C12353,P12359,8,69.99,2024-04-14,UPI,Completed
TXN0775,C12364,P12355,4,39.99,2024-04-14,UPI,Completed
TXN0103,C12346,P12355,3,39.99,2024-04-14,Debit Card,Completed
TXN0151,C12347,P12353,1,29.99,2024-04-14,UPI,Completed
TXN0709,C12347,P12354,2,34.99,2024-04-14,Debit Card,Completed
TXN0122,C12363,P12363,9,199.99,2024-04-14,Credit Card,Completed
TXN0912,C12351,P12361,5,99.99,2024-04-14,UPI,Completed
TXN0992,C12356,P12352,8,24.99,2024-04-14,Debit Card,Completed
TXN0094,C12346,P12348,10,49.99,2024-04-14,Debit Card,Completed
TXN0603,C12356,P12353,6,29.99,2024-04-14,Debit Card,Completed
TXN0721,C12361,P12361,4,99.99,2024-04-14,Credit Card,Completed
TXN0211,C12352,P12357,8,49.99,2024-04-14,Credit Card,Completed
TXN0979,C12353,P12356,5,39.99,2024-04-14,UPI,Completed
TXN0373,C12365,P12352,8,24.99,2024-04-14,Debit Card,Completed
TXN0132,C12352,P12358,9,59.99,2024-04-14,Credit Card,Completed
TXN0412,C12361,P12360,9,79.99,2024-04-14,UPI,Completed
TXN0784,C12365,P12350,3,69.99,2024-04-14,Credit Card,Completed
TXN0752,C12365,P12365,1,299.99,2024-04-14,UPI,Completed
TXN0730,C12353,P12365,6,299.99,2024-04-14,Credit Card,Completed
TXN0011,C12361,P12349,2,59.99,2024-04-14,Debit Card,Completed
TXN0552,C12358,P12358,4,59.99,2024-04-14,Debit Card,Completed
TXN0508,C12361,P12353,8,29.99,2024-04-14,UPI,Completed
TXN0517,C12359,P12362,1,149.99,2024-04-14,UPI,Completed
TXN0396,C12346,P12349,7,59.99,2024-04-14,Debit Card,Completed
TXN0887,C12351,P12359,5,69.99,2024-04-14,Debit Card,Completed
TXN0807,C12359,P12349,6,59.99,2024-04-14,Debit Card,Completed
TXN0060,C12349,P12346,3,29.99,2024-04-14,Credit Card,Completed
TXN0371,C12351,P12350,3,69.99,2024-04-14,Credit Card,Completed
TXN0738,C12352,P12361,8,99.99,2024-04-14,Debit Card,Completed
TXN0088,C12365,P12361,6,99.99,2024-04-14,Debit Card,Completed
TXN0470,C12347,P12364,8,249.99,2024-04-14,Credit Card,Completed
TXN0598,C12355,P12346,5,29.99,2024-04-14,Debit Card,Completed
TXN0610,C12350,P12350,3,69.99,2024-04-14,Credit Card,Completed
TXN0319,C12362,P12346,6,29.99,2024-04-14,UPI,Completed
TXN0762,C12360,P12354,2,34.99,2024-04-14,Credit Card,Completed
TXN0585,C12359,P12365,9,299.99,2024-04-14,Debit Card,Completed
TXN0066,C12365,P12348,4,49.99,2024-04-14,Credit Card,Completed
TXN0454,C12346,P12357,10,49.99,2024-04-14,Credit Card,Completed
TXN0368,C12347,P12362,8,149.99,2024-04-14,Debit Card,Completed
TXN0544,C12347,P12357,3,49.99,2024-04-14,UPI,Completed
TXN0691,C12355,P12360,9,79.99,2024-04-14,Debit Card,Completed
TXN0302,C12347,P12352,6,24.99,2024-04-14,UPI,Completed
TXN0557,C12348,P12351,6,19.99,2024-04-14,UPI,Completed
TXN0895,C12353,P12357,7,49.99,2024-04-14,UPI,Completed
TXN0404,C12360,P12351,2,19.99,2024-04-14,UPI,Completed
TXN0975,C12352,P12365,1,299.99,2024-04-14,Debit Card,Completed
TXN0116,C12356,P12363,8,199.99,2024-04-14,UPI,Completed
TXN0815,C12353,P12349,10,59.99,2024-04-14,Credit Card,Completed
TXN0591,C12355,P12365,7,299.99,2024-04-14,Credit Card,Completed
TXN0929,C12356,P12357,4,49.99,2024-04-14,Debit Card,Completed
TXN0917,C12362,P12351,1,19.99,2024-04-14,Credit Card,Completed
TXN0519,C12348,P12346,8,29.99,2024-04-14,Debit Card,Completed
TXN0617,C12355,P12346,2,29.99,2024-04-14,UPI,Completed
TXN0428,C12353,P12346,2,29.99,2024-04-14,Credit Card,Completed
TXN0448,C12355,P12360,9,79.99,2024-04-14,Credit Card,Completed
TXN0753,C12355,P12356,3,39.99,2024-04-14,Credit Card,Completed
TXN0689,C12350,P12364,8,249.99,2024-04-14,UPI,Completed
TXN0391,C12350,P12347,7,39.99,2024-04-14,UPI,Completed
TXN0758,C12348,P12346,9,29.99,2024-04-14,Debit Card,Completed
TXN0413,C12346,P12364,2,249.99,2024-04-14,UPI,Completed
TXN0133,C12347,P12352,10,24.99,2024-04-14,UPI,Completed
TXN0521,C12363,P12349,6,59.99,2024-04-14,Debit Card,Completed
TXN0248,C12349,P12351,4,19.99,2024-04-14,Debit Card,Completed
TXN0185,C12347,P12350,3,69.99,2024-04-14,Credit Card,Completed
TXN0650,C12364,P12347,1,39.99,2024-04-14,UPI,Completed
TXN0149,C12353,P12364,10,249.99,2024-04-14,Credit Card,Completed
TXN0793,C12355,P12360,4,79.99,2024-04-14,Credit Card,Completed
TXN0891,C12346,P12360,7,79.99,2024-04-14,UPI,Completed
TXN0199,C12354,P12361,6,99.99,2024-04-14,UPI,Completed
TXN0851,C12360,P12346,1,29.99,2024-04-14,Debit Card,Completed
TXN0952,C12346,P12349,3,59.99,2024-04-14,Credit Card,Completed
TXN0685,C12347,P12358,3,59.99,2024-04-14,Debit Card,Completed
TXN0687,C12360,P12362,10,149.99,2024-04-14,Credit Card,Completed
TXN0196,C12347,P12355,1,39.99,2024-04-14,Debit Card,Completed
TXN0934,C12363,P12349,9,59.99,2024-04-14,UPI,Completed
TXN0367,C12362,P12361,9,99.99,2024-04-14,Credit Card,Completed
TXN0575,C12351,P12365,8,299.99,2024-04-14,UPI,Completed
TXN0823,C12364,P12359,7,69.99,2024-04-14,Debit Card,Completed
TXN0418,C12348,P12354,10,34.99,2024-04-14,UPI,Completed
TXN0769,C12360,P12347,1,39.99,2024-04-14,Credit Card,Completed
TXN0932,C12349,P12363,10,199.99,2024-04-14,Debit Card,Completed
TXN0212,C12359,P12346,4,29.99,2024-04-14,Credit Card,Completed
TXN0280,C12365,P12357,2,49.99,2024-04-14,Debit Card,Completed
TXN0451,C12351,P12363,5,199.99,2024-04-14,Credit Card,Completed
TXN0400,C12364,P12354,5,34.99,2024-04-14,Debit Card,Completed
TXN0200,C12355,P12347,1,39.99,2024-04-14,Debit Card,Completed
TXN0169,C12350,P12361,8,99.99,2024-04-14,UPI,Completed
TXN0931,C12356,P12365,1,299.99,2024-04-14,Debit Card,Completed
TXN0279,C12354,P12349,2,59.99,2024-04-14,Debit Card,Completed
TXN0855,C12349,P12357,7,49.99,2024-04-14,UPI,Completed
TXN0203,C12353,P12347,2,39.99,2024-04-14,UPI,Completed
TXN0261,C12356,P12357,8,49.99,2024-04-14,Credit Card,Completed
TXN0121,C12356,P12360,7,79.99,2024-04-14,Credit Card,Completed
TXN0710,C12362,P12356,4,39.99,2024-04-14,UPI,Completed
TXN0720,C12351,P12347,2,39.99,2024-04-14,Debit Card,Completed
TXN0976,C12349,P12346,5,29.99,2024-04-14,UPI,Completed
TXN0742,C12346,P12364,5,249.99,2024-04-14,Credit Card,Completed
TXN0913,C12353,P12351,2,19.99,2024-04-14,UPI,Completed
TXN0618,C12356,P12359,10,69.99,2024-04-14,UPI,Completed
TXN0532,C12360,P12359,4,69.99,2024-04-14,Debit Card,Completed
TXN0416,C12350,P12350,6,69.99,2024-04-14,Credit Card,Completed
TXN0859,C12355,P12358,9,59.99,2024-04-14,UPI,Completed
TXN0785,C12356,P12346,10,29.99,2024-04-14,Credit Card,Completed
TXN0056,C12361,P12362,5,149.99,2024-04-14,Credit Card,Completed
TXN0724,C12353,P12359,3,69.99,2024-04-14,UPI,Completed
TXN0459,C12346,P12358,10,59.99,2024-04-14,Credit Card,Completed
TXN0607,C12365,P12363,7,199.99,2024-04-14,UPI,Completed
TXN0041,C12363,P12352,3,24.99,2024-04-14,Debit Card,Completed
TXN0321,C12347,P12354,4,34.99,2024-04-14,UPI,Completed
TXN0342,C12359,P12362,4,149.99,2024-04-14,Debit Card,Completed
TXN0446,C12364,P12346,4,29.99,2024-04-14,Credit Card,Completed
TXN0267,C12346,P12354,8,34.99,2024-04-14,UPI,Completed
TXN0220,C12346,P12355,1,39.99,2024-04-14,Debit Card,Completed
TXN0399,C12350,P12357,1,49.99,2024-04-14,Debit Card,Completed
TXN0224,C12364,P12350,10,69.99,2024-04-14,Debit Card,Completed
TXN0518,C12354,P12347,5,39.99,2024-04-14,Credit Card,Completed
TXN0444,C12358,P12355,8,39.99,2024-04-14,UPI,Completed
TXN0210,C12348,P12358,5,59.99,2024-04-14,Credit Card,Completed
TXN0138,C12354,P12354,6,34.99,2024-04-14,Credit Card,Completed
TXN0179,C12353,P12365,7,299.99,2024-04-14,Debit Card,Completed
TXN0410,C12356,P12362,8,149.99,2024-04-14,Debit Card,Completed
TXN0812,C12365,P12362,7,149.99,2024-04-14,UPI,Completed
TXN0421,C12363,P12361,6,99.99,2024-04-14,Debit Card,Completed
TXN0479,C12346,P12361,5,99.99,2024-04-14,UPI,Completed
TXN0062,C12363,P12347,5,39.99,2024-04-14,Credit Card,Completed
TXN0366,C12364,P12353,1,29.99,2024-04-14,Credit Card,Completed
TXN0678,C12357,P12347,1,39.99,2024-04-14,UPI,Completed
TXN0337,C12347,P12356,6,39.99,2024-04-14,Debit Card,Completed
TXN0263,C12352,P12359,7,69.99,2024-04-14,Debit Card,Completed
TXN0839,C12365,P12357,10,49.99,2024-04-14,UPI,Completed
TXN0658,C12348,P12353,10,29.99,2024-04-14,Credit Card,Completed
TXN0515,C12361,P12365,1,299.99,2024-04-14,Debit Card,Completed
TXN0871,C12351,P12365,6,299.99,2024-04-14,Credit Card,Completed
TXN0473,C12350,P12349,8,59.99,2024-04-14,Credit Card,Completed
TXN0422,C12361,P12347,1,39.99,2024-04-14,UPI,Completed
TXN0109,C12351,P12348,7,49.99,2024-04-14,UPI,Completed
TXN0355,C12365,P12364,6,249.99,2024-04-14,UPI,Completed
TXN0907,C12350,P12358,2,59.99,2024-04-14,Debit Card,Completed
TXN0849,C12357,P12365,6,299.99,2024-04-14,UPI,Completed
TXN0075,C12356,P12349,10,59.99,2024-04-14,Credit Card,Completed
TXN0941,C12349,P12352,2,24.99,2024-04-14,Credit Card,Completed
TXN0885,C12350,P12349,7,59.99,2024-04-14,Credit Card,Completed
TXN0994,C12361,P12350,5,69.99,2024-04-14,UPI,Completed
TXN0112,C12348,P12359,3,69.99,2024-04-14,Debit Card,Completed
TXN0483,C12349,P12361,1,99.99,2024-04-14,Credit Card,Completed
TXN0035,C12358,P12355,6,39.99,2024-04-14,Debit Card,Completed
TXN0526,C12358,P12354,3,34.99,2024-04-14,Debit Card,Completed
TXN0291,C12362,P12352,5,24.99,2024-04-14,Credit Card,Completed
TXN0824,C12365,P12354,6,34.99,2024-04-14,Credit Card,Completed
TXN0005,C12360,P12351,9,19.99,2024-04-14,UPI,Completed
TXN0914,C12365,P12352,5,24.99,2024-04-14,Credit Card,Completed
TXN0589,C12350,P12365,9,299.99,2024-04-14,Credit Card,Completed
TXN0547,C12362,P12360,5,79.99,2024-04-14,Credit Card,Completed
TXN0915,C12349,P12355,4,39.99,2024-04-14,Debit Card,Completed
TXN0883,C12364,P12362,4,149.99,2024-04-14,Credit Card,Completed
TXN0863,C12348,P12359,6,69.99,2024-04-14,Debit Card,Completed
TXN0146,C12356,P12355,2,39.99,2024-04-14,Debit Card,Completed
TXN0888,C12350,P12356,4,39.99,2024-04-14,Credit Card,Completed
TXN0983,C12363,P12365,4,299.99,2024-04-14,UPI,Completed
TXN0686,C12347,P12348,8,49.99,2024-04-14,UPI,Completed
TXN0803,C12348,P12358,10,59.99,2024-04-14,Credit Card,Completed
TXN0357,C12351,P12347,3,39.99,2024-04-14,Credit Card,Completed
TXN0359,C12347,P12365,10,299.99,2024-04-14,UPI,Completed
TXN0382,C12365,P12365,5,299.99,2024-04-14,Credit Card,Completed
TXN0290,C12358,P12356,4,39.99,2024-04-14,UPI,Completed
TXN0301,C12350,P12351,1,19.99,2024-04-14,Debit Card,Completed
TXN0935,C12348,P12346,1,29.99,2024-04-14,Credit Card,Completed
TXN0230,C12359,P12356,7,39.99,2024-04-14,Debit Card,Completed
TXN0333,C12346,P12348,3,49.99,2024-04-14,Debit Card,Completed
TXN0984,C12350,P12364,6,249.99,2024-04-14,UPI,Completed
TXN0375,C12351,P12349,1,59.99,2024-04-14,UPI,Completed
TXN0633,C12358,P12346,4,29.99,2024-04-14,Credit Card,Completed
TXN0312,C12359,P12350,8,69.99,2024-04-14,Debit Card,Completed
TXN0543,C12362,P12362,8,149.99,2024-04-14,Credit Card,Completed
TXN0362,C12358,P12362,8,149.99,2024-04-14,UPI,Completed
TXN0741,C12360,P12361,3,99.99,2024-04-14,Credit Card,Completed
TXN0347,C12357,P12347,6,39.99,2024-04-14,Credit Card,Completed
TXN0794,C12362,P12346,9,29.99,2024-04-14,Credit Card,Completed
TXN0840,C12363,P12349,8,59.99,2024-04-14,Credit Card,Completed
TXN0053,C12362,P12351,9,19.99,2024-04-14,Debit Card,Completed
TXN0559,C12347,P12358,8,59.99,2024-04-14,UPI,Completed
TXN0313,C12354,P12351,9,19.99,2024-04-14,Credit Card,Completed
TXN0877,C12354,P12350,3,69.99,2024-04-14,UPI,Completed
TXN0801,C12351,P12365,6,299.99,2024-04-14,Credit Card,Completed
TXN0255,C12356,P12349,3,59.99,2024-04-14,UPI,Completed
TXN0486,C12350,P12352,9,24.99,2024-04-14,Debit Card,Completed
TXN0796,C12360,P12356,8,39.99,2024-04-14,Debit Card,Completed
TXN0027,C12357,P12358,2,59.99,2024-04-14,Credit Card,Completed
TXN0955,C12346,P12354,2,34.99,2024-04-14,Debit Card,Completed
TXN0600,C12350,P12363,2,199.99,2024-04-14,UPI,Completed
TXN0990,C12363,P12349,5,59.99,2024-04-14,UPI,Completed
TXN0652,C12363,P12354,2,34.99,2024-04-14,Credit Card,Completed
TXN0385,C12352,P12358,8,59.99,2024-04-14,Credit Card,Completed
TXN0555,C12355,P12352,7,24.99,2024-04-14,Debit Card,Completed
TXN0712,C12354,P12361,7,99.99,2024-04-14,Debit Card,Completed
TXN0050,C12357,P12347,6,39.99,2024-04-14,Debit Card,Completed
TXN0309,C12355,P12362,2,149.99,2024-04-14,UPI,Completed
TXN0747,C12365,P12354,8,34.99,2024-04-14,Debit Card,Completed
TXN0637,C12363,P12365,7,299.99,2024-04-14,Debit Card,Completed
TXN0504,C12358,P12359,10,69.99,2024-04-14,Credit Card,Completed
TXN0081,C12356,P12361,8,99.99,2024-04-14,Credit Card,Completed
TXN0437,C12364,P12355,9,39.99,2024-04-14,Debit Card,Completed
TXN0229,C12346,P12365,10,299.99,2024-04-14,UPI,Completed
TXN0833,C12365,P12346,6,29.99,2024-04-14,Credit Card,Completed
TXN0665,C12347,P12348,7,49.99,2024-04-14,Credit Card,Completed
TXN0370,C12354,P12354,3,34.99,2024-04-14,Debit Card,Completed
TXN0148,C12359,P12358,2,59.99,2024-04-14,Debit Card,Completed
TXN0546,C12355,P12359,4,69.99,2024-04-14,UPI,Completed
TXN0708,C12356,P12347,8,39.99,2024-04-14,Debit Card,Completed
TXN0143,C12357,P12364,9,249.99,2024-04-14,Credit Card,Completed
TXN0930,C12355,P12359,8,69.99,2024-04-14,UPI,Completed
TXN0108,C12365,P12364,7,249.99,2024-04-14,Debit Card,Completed
TXN0184,C12352,P12355,4,39.99,2024-04-14,UPI,Completed
TXN0795,C12354,P12346,5,29.99,2024-04-14,UPI,Completed
TXN0896,C12354,P12357,7,49.99,2024-04-14,UPI,Completed
TXN0804,C12362,P12365,7,299.99,2024-04-14,Credit Card,Completed
TXN0356,C12346,P12351,6,19.99,2024-04-14,UPI,Completed
TXN0142,C12354,P12356,1,39.99,2024-04-14,Credit Card,Completed
TXN0344,C12349,P12355,5,39.99,2024-04-14,UPI,Completed
TXN0706,C12360,P12350,3,69.99,2024-04-14,Credit Card,Completed
TXN0534,C12364,P12355,6,39.99,2024-04-14,Debit Card,Completed
TXN0388,C12358,P12353,3,29.99,2024-04-14,Credit Card,Completed
TXN0700,C12362,P12356,7,39.99,2024-04-14,UPI,Completed
TXN0202,C12363,P12356,2,39.99,2024-04-14,UPI,Completed
TXN0462,C12353,P12354,8,34.99,2024-04-14,Debit Card,Completed
TXN0152,C12351,P12362,10,149.99,2024-04-14,UPI,Completed
TXN0015,C12347,P12348,4,49.99,2024-04-14,Debit Card,Completed
TXN0186,C12347,P12353,1,29.99,2024-04-14,Debit Card,Completed
TXN0341,C12359,P12356,8,39.99,2024-04-14,Credit Card,Completed
TXN0699,C12363,P12358,4,59.99,2024-04-14,UPI,Completed
TXN0978,C12354,P12347,5,39.99,2024-04-14,UPI,Completed
TXN0509,C12358,P12348,4,49.99,2024-04-14,Credit Card,Completed
TXN0628,C12350,P12362,10,149.99,2024-04-14,Debit Card,Completed
TXN0661,C12365,P12352,6,24.99,2024-04-14,Credit Card,Completed
TXN0387,C12353,P12351,5,19.99,2024-04-14,Debit Card,Completed
TXN0918,C12351,P12353,5,29.99,2024-04-14,Debit Card,Completed
TXN0582,C12346,P12359,3,69.99,2024-04-14,UPI,Completed
TXN0048,C12350,P12363,7,199.99,2024-04-14,Debit Card,Completed
TXN0538,C12355,P12346,8,29.99,2024-04-14,Debit Card,Completed
TXN0325,C12348,P12346,5,29.99,2024-04-14,Debit Card,Completed
TXN0561,C12359,P12362,1,149.99,2024-04-14,Debit Card,Completed
TXN0040,C12355,P12348,10,49.99,2024-04-14,UPI,Completed
TXN0828,C12356,P12361,2,99.99,2024-04-14,UPI,Completed
TXN0908,C12365,P12360,2,79.99,2024-04-14,UPI,Completed
TXN0858,C12351,P12351,2,19.99,2024-04-14,UPI,Completed
TXN0838,C12357,P12363,7,199.99,2024-04-14,Debit Card,Completed
TXN0294,C12361,P12346,10,29.99,2024-04-14,Debit Card,Completed
TXN0167,C12358,P12361,8,99.99,2024-04-14,Credit Card,Completed
TXN0383,C12356,P12360,7,79.99,2024-04-14,Credit Card,Completed
TXN0714,C12360,P12351,1,19.99,2024-04-14,Debit Card,Completed
TXN0466,C12346,P12355,6,39.99,2024-04-14,UPI,Completed
TXN0455,C12364,P12362,7,149.99,2024-04-14,Debit Card,Completed
TXN0318,C12355,P12353,10,29.99,2024-04-14,UPI,Completed
TXN0213,C12350,P12353,9,29.99,2024-04-14,UPI,Completed
TXN0843,C12361,P12359,8,69.99,2024-04-14,UPI,Completed
TXN0872,C12356,P12353,5,29.99,2024-04-14,UPI,Completed
TXN0458,C12349,P12365,1,299.99,2024-04-14,UPI,Completed
TXN0087,C12346,P12364,1,249.99,2024-04-14,UPI,Completed
TXN0954,C12357,P12363,7,199.99,2024-04-14,UPI,Completed
TXN0739,C12349,P12350,3,69.99,2024-04-14,Debit Card,Completed
TXN0401,C12365,P12348,6,49.99,2024-04-14,Credit Card,Completed
TXN0713,C12352,P12360,2,79.99,2024-04-14,Debit Card,Completed
TXN0240,C12360,P12346,9,29.99,2024-04-14,Debit Card,Completed
TXN0465,C12346,P12359,7,69.99,2024-04-14,Credit Card,Completed
TXN0306,C12353,P12363,5,199.99,2024-04-14,Credit Card,Completed
TXN0247,C12363,P12352,4,24.99,2024-04-14,UPI,Completed
TXN0376,C12358,P12360,9,79.99,2024-04-14,Credit Card,Completed
TXN0657,C12346,P12353,6,29.99,2024-04-14,UPI,Completed
TXN0651,C12351,P12360,5,79.99,2024-04-14,UPI,Completed
TXN0386,C12353,P12347,2,39.99,2024-04-14,Debit Card,Completed
TXN0672,C12350,P12350,9,69.99,2024-04-14,Debit Card,Completed
TXN0953,C12362,P12364,5,249.99,2024-04-14,UPI,Completed
TXN0113,C12364,P12350,7,69.99,2024-04-14,Credit Card,Completed
TXN0920,C12348,P12359,4,69.99,2024-04-14,Credit Card,Completed
TXN0554,C12356,P12356,1,39.99,2024-04-14,Credit Card,Completed
TXN0811,C12350,P12362,5,149.99,2024-04-14,Debit Card,Completed
TXN0331,C12346,P12357,6,49.99,2024-04-14,Credit Card,Completed
TXN0506,C12364,P12360,2,79.99,2024-04-14,Credit Card,Completed
TXN0076,C12358,P12350,3,69.99,2024-04-14,Credit Card,Completed
TXN0641,C12356,P12362,5,149.99,2024-04-14,Debit Card,Completed
TXN0187,C12365,P12352,7,24.99,2024-04-14,Credit Card,Completed
TXN0289,C12357,P12356,9,39.99,2024-04-14,Debit Card,Completed
TXN0328,C12349,P12347,10,39.99,2024-04-14,Debit Card,Completed
TXN0940,C12352,P12354,3,34.99,2024-04-14,Debit Card,Completed
TXN0595,C12356,P12358,8,59.99,2024-04-14,Credit Card,Completed
TXN0711,C12358,P12358,6,59.99,2024-04-14,Credit Card,Completed
TXN0156,C12356,P12351,9,19.99,2024-04-14,UPI,Completed
TXN0134,C12350,P12361,2,99.99,2024-04-14,UPI,Completed
TXN0572,C12352,P12355,3,39.99,2024-04-14,UPI,Completed
TXN0539,C12348,P12363,2,199.99,2024-04-14,Debit Card,Completed
TXN0482,C12354,P12351,6,19.99,2024-04-14,UPI,Completed
TXN0776,C12356,P12358,3,59.99,2024-04-14,UPI,Completed
TXN0779,C12350,P12365,1,299.99,2024-04-14,Debit Card,Completed
TXN0576,C12352,P12353,3,29.99,2024-04-14,UPI,Completed
TXN0268,C12354,P12361,8,99.99,2024-04-14,UPI,Completed
TXN0429,C12358,P12357,10,49.99,2024-04-14,Credit Card,Completed
TXN0993,C12353,P12352,9,24.99,2024-04-14,Credit Card,Completed
TXN0393,C12356,P12354,9,34.99,2024-04-14,UPI,Completed
TXN0649,C12349,P12357,9,49.99,2024-04-14,UPI,Completed
TXN0010,C12347,P12360,7,79.99,2024-04-14,Credit Card,Completed
TXN0135,C12354,P12356,8,39.99,2024-04-14,UPI,Completed
TXN0808,C12351,P12363,3,199.99,2024-04-14,Debit Card,Completed
TXN0099,C12352,P12352,4,24.99,2024-04-14,UPI,Completed
TXN0818,C12359,P12351,1,19.99,2024-04-14,Credit Card,Completed
TXN0748,C12352,P12350,6,69.99,2024-04-14,Credit Card,Completed
TXN0241,C12358,P12365,2,299.99,2024-04-14,Credit Card,Completed
TXN0897,C12359,P12353,10,29.99,2024-04-14,Debit Card,Completed
TXN0378,C12346,P12360,8,79.99,2024-04-14,Credit Card,Completed
TXN0567,C12352,P12358,10,59.99,2024-04-14,Debit Card,Completed
TXN0316,C12364,P12365,3,299.99,2024-04-14,UPI,Completed
TXN0837,C12350,P12362,5,149.99,2024-04-14,Credit Card,Completed
TXN0217,C12356,P12350,7,69.99,2024-04-14,UPI,Completed
TXN0051,C12354,P12361,4,99.99,2024-04-14,Debit Card,Completed
TXN0136,C12350,P12362,1,149.99,2024-04-14,UPI,Completed
TXN0513,C12363,P12357,4,49.99,2024-04-14,UPI,Completed
TXN0085,C12361,P12356,9,39.99,2024-04-14,Credit Card,Completed
TXN0605,C12364,P12363,9,199.99,2024-04-14,UPI,Completed
TXN0675,C12352,P12356,9,39.99,2024-04-14,UPI,Completed
TXN0128,C12360,P12348,4,49.99,2024-04-14,Debit Card,Completed
TXN0361,C12365,P12361,3,99.99,2024-04-14,Credit Card,Completed
TXN0009,C12360,P12348,2,49.99,2024-04-14,UPI,Completed
TXN0178,C12346,P12364,1,249.99,2024-04-14,Credit Card,Completed
TXN0159,C12358,P12362,7,149.99,2024-04-14,Debit Card,Completed
TXN0749,C12350,P12363,8,199.99,2024-04-14,UPI,Completed
TXN0496,C12346,P12348,5,49.99,2024-04-14,Credit Card,Completed
TXN0163,C12356,P12358,5,59.99,2024-04-14,Credit Card,Completed
TXN0193,C12351,P12359,2,69.99,2024-04-14,Debit Card,Completed
TXN0985,C12358,P12362,6,149.99,2024-04-14,UPI,Completed
TXN0096,C12365,P12359,1,69.99,2024-04-14,UPI,Completed
TXN0107,C12357,P12346,3,29.99,2024-04-14,UPI,Completed
TXN0690,C12355,P12348,4,49.99,2024-04-14,Credit Card,Completed
TXN0524,C12353,P12359,9,69.99,2024-04-14,Credit Card,Completed
TXN0980,C12352,P12363,4,199.99,2024-04-14,Debit Card,Completed
TXN0153,C12354,P12363,10,199.99,2024-04-14,Debit Card,Completed
TXN0566,C12361,P12364,9,249.99,2024-04-14,UPI,Completed
TXN1000,C12364,P12346,4,29.99,2024-04-14,Credit Card,Completed
TXN0191,C12355,P12346,10,29.99,2024-04-14,Debit Card,Completed
TXN0974,C12354,P12362,8,149.99,2024-04-14,UPI,Completed
TXN0601,C12346,P12346,3,29.99,2024-04-14,UPI,Completed
TXN0245,C12355,P12365,1,299.99,2024-04-14,UPI,Completed
TXN0614,C12348,P12363,9,199.99,2024-04-14,Credit Card,Completed
TXN0233,C12357,P12346,5,29.99,2024-04-14,Debit Card,Completed
TXN0300,C12348,P12358,1,59.99,2024-04-14,Debit Card,Completed
TXN0205,C12364,P12356,4,39.99,2024-04-14,Credit Card,Completed
TXN0967,C12365,P12352,9,24.99,2024-04-14,Credit Card,Completed
TXN0270,C12361,P12353,3,29.99,2024-04-14,Debit Card,Completed
TXN0956,C12359,P12361,10,99.99,2024-04-14,Debit Card,Completed
TXN0461,C12357,P12364,1,249.99,2024-04-14,Credit Card,Completed
TXN0111,C12353,P12347,4,39.99,2024-04-14,Credit Card,Completed
TXN0450,C12365,P12353,8,29.99,2024-04-14,Debit Card,Completed
TXN0894,C12352,P12357,2,49.99,2024-04-14,Credit Card,Completed
TXN0494,C12352,P12355,5,39.99,2024-04-14,Credit Card,Completed
TXN0028,C12352,P12360,7,79.99,2024-04-14,UPI,Completed
TXN0948,C12361,P12346,5,29.99,2024-04-14,Credit Card,Completed
TXN0201,C12353,P12354,10,34.99,2024-04-14,UPI,Completed
TXN0535,C12364,P12357,2,49.99,2024-04-14,UPI,Completed
TXN0938,C12358,P12347,6,39.99,2024-04-14,UPI,Completed
TXN0987,C12363,P12358,9,59.99,2024-04-14,UPI,Completed
TXN0286,C12352,P12364,4,249.99,2024-04-14,Debit Card,Completed
TXN0988,C12357,P12348,3,49.99,2024-04-14,Debit Card,Completed
TXN0736,C12352,P12365,10,299.99,2024-04-14,Debit Card,Completed
TXN0026,C12353,P12362,2,149.99,2024-04-14,Credit Card,Completed
TXN0875,C12361,P12353,5,29.99,2024-04-14,UPI,Completed
TXN0783,C12349,P12350,8,69.99,2024-04-14,UPI,Completed
TXN0216,C12353,P12351,4,19.99,2024-04-14,Credit Card,Completed
TXN0725,C12354,P12352,5,24.99,2024-04-14,Credit Card,Completed
TXN0226,C12353,P12349,7,59.99,2024-04-14,UPI,Completed
TXN0997,C12356,P12361,9,99.99,2024-04-14,UPI,Completed
TXN0810,C12363,P12346,9,29.99,2024-04-14,Credit Card,Completed
TXN0250,C12361,P12348,7,49.99,2024-04-14,Debit Card,Completed
TXN0995,C12349,P12355,8,39.99,2024-04-14,Credit Card,Completed
TXN0819,C12355,P12353,10,29.99,2024-04-14,Debit Card,Completed
TXN0022,C12355,P12349,3,59.99,2024-04-14,Credit Card,Completed
TXN0688,C12352,P12355,5,39.99,2024-04-14,Debit Card,Completed
TXN0161,C12348,P12346,8,29.99,2024-04-14,Debit Card,Completed
TXN0257,C12361,P12363,9,199.99,2024-04-14,Debit Card,Completed
TXN0190,C12346,P12365,7,299.99,2024-04-14,Debit Card,Completed
TXN0540,C12350,P12355,7,39.99,2024-04-14,Credit Card,Completed
TXN0071,C12346,P12348,1,49.99,2024-04-14,Debit Card,Completed
TXN0254,C12357,P12354,6,34.99,2024-04-14,Credit Card,Completed
TXN0147,C12353,P12362,9,149.99,2024-04-14,Debit Card,Completed
TXN0150,C12358,P12358,8,59.99,2024-04-14,Credit Card,Completed
TXN0551,C12360,P12360,9,79.99,2024-04-14,UPI,Completed
TXN0104,C12352,P12356,9,39.99,2024-04-14,Credit Card,Completed
TXN0242,C12349,P12362,9,149.99,2024-04-14,Credit Card,Completed
TXN0324,C12353,P12346,4,29.99,2024-04-14,Debit Card,Completed
TXN0433,C12347,P12353,6,29.99,2024-04-14,Credit Card,Completed
TXN0968,C12358,P12352,6,24.99,2024-04-14,UPI,Completed
TXN0656,C12362,P12353,9,29.99,2024-04-14,Debit Card,Completed
TXN0432,C12352,P12359,2,69.99,2024-04-14,Credit Card,Completed
TXN0592,C12351,P12350,8,69.99,2024-04-14,Credit Card,Completed
TXN0162,C12356,P12348,7,49.99,2024-04-14,UPI,Completed
TXN0164,C12350,P12354,4,34.99,2024-04-14,Debit Card,Completed
TXN0293,C12362,P12351,10,19.99,2024-04-14,Credit Card,Completed
TXN0398,C12361,P12354,8,34.99,2024-04-14,UPI,Completed
TXN0805,C12362,P12348,7,49.99,2024-04-14,Credit Card,Completed
TXN0511,C12351,P12352,7,24.99,2024-04-14,Credit Card,Completed
TXN0349,C12358,P12356,3,39.99,2024-04-14,UPI,Completed
TXN0768,C12349,P12363,7,199.99,2024-04-14,Credit Card,Completed
TXN0083,C12351,P12348,10,49.99,2024-04-14,UPI,Completed
TXN0310,C12347,P12351,10,19.99,2024-04-14,UPI,Completed
TXN0655,C12357,P12347,10,39.99,2024-04-14,Credit Card,Completed
TXN0408,C12360,P12361,5,99.99,2024-04-14,Debit Card,Completed
TXN0124,C12361,P12360,4,79.99,2024-04-14,Credit Card,Completed
TXN0105,C12349,P12349,3,59.99,2024-04-14,Credit Card,Completed
TXN0476,C12360,P12348,7,49.99,2024-04-14,UPI,Completed
TXN0680,C12348,P12346,4,29.99,2024-04-14,Credit Card,Completed
TXN0632,C12360,P12349,6,59.99,2024-04-14,Credit Card,Completed
TXN0481,C12347,P12358,2,59.99,2024-04-14,Debit Card,Completed
TXN0335,C12360,P12354,8,34.99,2024-04-14,UPI,Completed
TXN0424,C12349,P12362,4,149.99,2024-04-14,UPI,Completed
TXN0002,C12346,P12351,6,19.99,2024-04-14,Debit Card,Completed
TXN0731,C12358,P12349,9,59.99,2024-04-14,UPI,Completed
TXN0067,C12362,P12356,6,39.99,2024-04-14,Credit Card,Completed
TXN0262,C12361,P12356,5,39.99,2024-04-14,UPI,Completed
TXN0036,C12365,P12357,8,49.99,2024-04-14,Credit Card,Completed
TXN0007,C12355,P12348,9,49.99,2024-04-14,UPI,Completed
TXN0308,C12363,P12361,6,99.99,2024-04-14,Credit Card,Completed
TXN0018,C12360,P12358,10,59.99,2024-04-14,Credit Card,Completed
TXN0845,C12364,P12360,6,79.99,2024-04-14,UPI,Completed
TXN0182,C12346,P12350,8,69.99,2024-04-14,Credit Card,Completed
TXN0684,C12353,P12365,9,299.99,2024-04-14,UPI,Completed
TXN0093,C12359,P12361,1,99.99,2024-04-14,Credit Card,Completed
TXN0757,C12350,P12350,8,69.99,2024-04-14,Credit Card,Completed
TXN0141,C12349,P12365,1,299.99,2024-04-14,Debit Card,Completed
TXN0305,C12363,P12357,9,49.99,2024-04-14,Debit Card,Completed
TXN0580,C12362,P12348,2,49.99,2024-04-14,UPI,Completed
TXN0295,C12348,P12363,4,199.99,2024-04-14,Debit Card,Completed
TXN0484,C12351,P12353,6,29.99,2024-04-14,Debit Card,Completed
TXN0928,C12347,P12354,7,34.99,2024-04-14,Debit Card,Completed
TXN0654,C12363,P12355,10,39.99,2024-04-14,Credit Card,Completed
TXN0760,C12358,P12347,8,39.99,2024-04-14,UPI,Completed
TXN0059,C12361,P12358,1,59.99,2024-04-14,Debit Card,Completed
TXN0232,C12354,P12348,10,49.99,2024-04-14,Credit Card,Completed
TXN0732,C12357,P12364,4,249.99,2024-04-14,Debit Card,Completed
TXN0427,C12359,P12346,1,29.99,2024-04-14,Credit Card,Completed
TXN0123,C12352,P12360,9,79.99,2024-04-14,UPI,Completed
TXN0329,C12355,P12346,8,29.99,2024-04-14,Debit Card,Completed
TXN0616,C12359,P12364,9,249.99,2024-04-14,UPI,Completed
TXN0593,C12363,P12365,1,299.99,2024-04-14,UPI,Completed
TXN0643,C12346,P12347,7,39.99,2024-04-14,Credit Card,Completed
TXN0759,C12359,P12364,3,249.99,2024-04-14,Debit Card,Completed
TXN0798,C12361,P12354,3,34.99,2024-04-14,Debit Card,Completed
TXN0311,C12361,P12348,6,49.99,2024-04-14,UPI,Completed
TXN0384,C12360,P12348,10,49.99,2024-04-14,Debit Card,Completed
TXN0673,C12359,P12361,5,99.99,2024-04-14,Credit Card,Completed
TXN0631,C12364,P12346,3,29.99,2024-04-14,UPI,Completed
TXN0746,C12365,P12363,6,199.99,2024-04-14,Credit Card,Completed
TXN0830,C12356,P12361,4,99.99,2024-04-14,UPI,Completed
TXN0440,C12360,P12352,1,24.99,2024-04-14,UPI,Completed
TXN0965,C12360,P12364,9,249.99,2024-04-14,Debit Card,Completed
TXN0925,C12358,P12350,4,69.99,2024-04-14,UPI,Completed
TXN0946,C12362,P12351,8,19.99,2024-04-14,Credit Card,Completed
TXN0501,C12363,P12359,2,69.99,2024-04-14,Debit Card,Completed
TXN0959,C12348,P12355,2,39.99,2024-04-14,Credit Card,Completed
TXN0761,C12351,P12349,4,59.99,2024-04-14,UPI,Completed
TXN0358,C12350,P12356,4,39.99,2024-04-14,UPI,Completed
TXN0562,C12352,P12365,10,299.99,2024-04-14,Credit Card,Completed
TXN0777,C12347,P12362,8,149.99,2024-04-14,UPI,Completed
TXN0118,C12347,P12351,10,19.99,2024-04-14,UPI,Completed
TXN0766,C12362,P12351,9,19.99,2024-04-14,UPI,Completed
TXN0405,C12357,P12356,5,39.99,2024-04-14,UPI,Completed
TXN0073,C12350,P12355,7,39.99,2024-04-14,UPI,Completed
TXN0287,C12347,P12360,10,79.99,2024-04-14,Credit Card,Completed
TXN0911,C12349,P12351,6,19.99,2024-04-14,UPI,Completed
TXN0722,C12350,P12365,1,299.99,2024-04-14,Debit Card,Completed
TXN0910,C12350,P12347,9,39.99,2024-04-14,Credit Card,Completed
TXN0879,C12354,P12357,6,49.99,2024-04-14,UPI,Completed
TXN0553,C12349,P12348,1,49.99,2024-04-14,UPI,Completed
TXN0042,C12352,P12348,5,49.99,2024-04-14,UPI,Completed
TXN0052,C12351,P12348,7,49.99,2024-04-14,UPI,Completed
TXN0516,C12364,P12357,3,49.99,2024-04-14,UPI,Completed
TXN0001,C12360,P12359,5,69.99,2024-04-14,Debit Card,Completed
TXN0991,C12348,P12347,1,39.99,2024-04-14,UPI,Completed
TXN0574,C12346,P12363,4,199.99,2024-04-14,Credit Card,Completed
TXN0780,C12361,P12357,1,49.99,2024-04-14,Credit Card,Completed
TXN0626,C12362,P12359,4,69.99,2024-04-14,Debit Card,Completed
TXN0322,C12349,P12347,4,39.99,2024-04-14,UPI,Completed
TXN0853,C12359,P12347,5,39.99,2024-04-14,UPI,Completed
TXN0763,C12364,P12354,7,34.99,2024-04-14,Credit Card,Completed
TXN0281,C12365,P12357,7,49.99,2024-04-14,Credit Card,Completed
TXN0351,C12351,P12358,4,59.99,2024-04-14,Debit Card,Completed
TXN0530,C12348,P12365,2,299.99,2024-04-14,Credit Card,Completed
TXN0537,C12358,P12365,3,299.99,2024-04-14,Credit Card,Completed
TXN0646,C12361,P12365,9,299.99,2024-04-14,Debit Card,Completed
TXN0881,C12356,P12358,1,59.99,2024-04-14,UPI,Completed
TXN0471,C12353,P12361,7,99.99,2024-04-14,Credit Card,Completed
TXN0069,C12358,P12363,9,199.99,2024-04-14,UPI,Completed
TXN0982,C12347,P12356,9,39.99,2024-04-14,Debit Card,Completed
TXN0590,C12351,P12355,1,39.99,2024-04-14,Credit Card,Completed
TXN0836,C12352,P12360,3,79.99,2024-04-14,UPI,Completed
TXN0846,C12364,P12362,3,149.99,2024-04-14,UPI,Completed
TXN0862,C12365,P12357,3,49.99,2024-04-14,Debit Card,Completed
TXN0439,C12365,P12349,5,59.99,2024-04-14,Debit Card,Completed
TXN0648,C12355,P12356,6,39.99,2024-04-14,UPI,Completed
TXN0571,C12356,P12356,6,39.99,2024-04-14,Credit Card,Completed
TXN0192,C12360,P12346,1,29.99,2024-04-14,Credit Card,Completed
TXN0131,C12349,P12354,4,34.99,2024-04-14,Credit Card,Completed
TXN0679,C12355,P12355,2,39.99,2024-04-14,Credit Card,Completed
TXN0670,C12346,P12358,8,59.99,2024-04-14,Credit Card,Completed
TXN0477,C12356,P12346,5,29.99,2024-04-14,Debit Card,Completed
TXN0100,C12349,P12355,3,39.99,2024-04-14,Debit Card,Completed
TXN0523,C12348,P12350,8,69.99,2024-04-14,Credit Card,Completed
TXN0475,C12349,P12349,7,59.99,2024-04-14,Debit Card,Completed
TXN0403,C12362,P12351,2,19.99,2024-04-14,Credit Card,Completed
TXN0900,C12349,P12346,9,29.99,2024-04-14,Debit Card,Completed
TXN0468,C12353,P12352,10,24.99,2024-04-14,Debit Card,Completed
TXN0019,C12357,P12361,10,99.99,2024-04-14,Debit Card,Completed
TXN0671,C12365,P12361,5,99.99,2024-04-14,Credit Card,Completed
TXN0878,C12347,P12347,4,39.99,2024-04-14,Debit Card,Completed
TXN0397,C12351,P12360,5,79.99,2024-04-14,Debit Card,Completed
TXN0377,C12356,P12361,6,99.99,2024-04-14,Debit Card,Completed
TXN0102,C12347,P12347,5,39.99,2024-04-14,UPI,Completed
TXN0472,C12359,P12350,9,69.99,2024-04-14,Credit Card,Completed
TXN0253,C12358,P12348,8,49.99,2024-04-14,Debit Card,Completed
TXN0160,C12348,P12355,1,39.99,2024-04-14,Debit Card,Completed
TXN0346,C12346,P12357,3,49.99,2024-04-14,UPI,Completed
TXN0962,C12350,P12357,9,49.99,2024-04-14,Debit Card,Completed
TXN0697,C12357,P12348,9,49.99,2024-04-14,Credit Card,Completed
TXN0723,C12359,P12359,9,69.99,2024-04-14,Credit Card,Completed
TXN0719,C12364,P12352,5,24.99,2024-04-14,Debit Card,Completed
TXN0276,C12356,P12364,10,249.99,2024-04-14,UPI,Completed
TXN0986,C12349,P12355,8,39.99,2024-04-14,Debit Card,Completed
TXN0981,C12353,P12351,3,19.99,2024-04-14,Debit Card,Completed
TXN0474,C12365,P12361,5,99.99,2024-04-14,Credit Card,Completed
TXN0528,C12348,P12355,10,39.99,2024-04-14,UPI,Completed
TXN0033,C12361,P12351,1,19.99,2024-04-14,Debit Card,Completed
TXN0449,C12355,P12360,6,79.99,2024-04-14,UPI,Completed
TXN0510,C12359,P12351,10,19.99,2024-04-14,Debit Card,Completed
TXN0841,C12357,P12353,10,29.99,2024-04-14,UPI,Completed
TXN0630,C12354,P12355,4,39.99,2024-04-14,UPI,Completed
TXN0921,C12352,P12350,3,69.99,2024-04-14,UPI,Completed
TXN0489,C12357,P12359,5,69.99,2024-04-14,UPI,Completed
TXN0084,C12364,P12349,6,59.99,2024-04-14,Debit Card,Completed
TXN0771,C12355,P12360,1,79.99,2024-04-14,Debit Card,Completed
TXN0550,C12348,P12356,7,39.99,2024-04-14,Credit Card,Completed
TXN0315,C12349,P12364,3,249.99,2024-04-14,Credit Card,Completed
TXN0274,C12364,P12351,1,19.99,2024-04-14,UPI,Completed
TXN0640,C12350,P12356,10,39.99,2024-04-14,UPI,Completed
TXN0820,C12354,P12357,6,49.99,2024-04-14,UPI,Completed
TXN0966,C12346,P12364,9,249.99,2024-04-14,Debit Card,Completed
TXN0363,C12364,P12351,5,19.99,2024-04-14,Debit Card,Completed
TXN0024,C12365,P12353,9,29.99,2024-04-14,UPI,Completed
TXN0197,C12346,P12354,7,34.99,2024-04-14,Credit Card,Completed
TXN0157,C12365,P12346,7,29.99,2024-04-14,Debit Card,Completed
TXN0204,C12363,P12352,2,24.99,2024-04-14,Debit Card,Completed
TXN0485,C12357,P12364,1,249.99,2024-04-14,Debit Card,Completed
TXN0950,C12362,P12360,6,79.99,2024-04-14,Debit Card,Completed
TXN0653,C12359,P12359,4,69.99,2024-04-14,Debit Card,Completed
TXN0381,C12352,P12354,4,34.99,2024-04-14,UPI,Completed
TXN0945,C12355,P12348,7,49.99,2024-04-14,UPI,Completed
TXN0565,C12355,P12348,9,49.99,2024-04-14,UPI,Completed
TXN0252,C12359,P12346,1,29.99,2024-04-14,UPI,Completed
TXN0236,C12364,P12362,3,149.99,2024-04-14,Credit Card,Completed
TXN0265,C12349,P12364,3,249.99,2024-04-14,Debit Card,Completed
TXN0126,C12348,P12355,4,39.99,2024-04-14,Credit Card,Completed
TXN0234,C12361,P12346,4,29.99,2024-04-14,Credit Card,Completed
TXN0420,C12365,P12363,2,199.99,2024-04-14,Credit Card,Completed
TXN0745,C12355,P12354,3,34.99,2024-04-14,Debit Card,Completed
TXN0977,C12357,P12351,6,19.99,2024-04-14,UPI,Completed
TXN0120,C12357,P12346,9,29.99,2024-04-14,Debit Card,Completed
TXN0487,C12347,P12358,7,59.99,2024-04-14,Debit Card,Completed
TXN0584,C12362,P12352,4,24.99,2024-04-14,Debit Card,Completed
TXN0092,C12354,P12347,10,39.99,2024-04-14,UPI,Completed
TXN0545,C12346,P12350,7,69.99,2024-04-14,Credit Card,Completed
TXN0260,C12346,P12363,6,199.99,2024-04-14,Credit Card,Completed
TXN0707,C12349,P12360,5,79.99,2024-04-14,Credit Card,Completed
TXN0615,C12356,P12348,1,49.99,2024-04-14,Credit Card,Completed
TXN0498,C12351,P12356,5,39.99,2024-04-14,UPI,Completed
TXN0867,C12363,P12361,8,99.99,2024-04-14,UPI,Completed
TXN0683,C12359,P12350,1,69.99,2024-04-14,Debit Card,Completed
TXN0662,C12347,P12348,4,49.99,2024-04-14,Debit Card,Completed
TXN0620,C12353,P12348,7,49.99,2024-04-14,Debit Card,Completed
TXN0659,C12363,P12356,4,39.99,2024-04-14,Debit Card,Completed
TXN0638,C12357,P12348,10,49.99,2024-04-14,Credit Card,Completed
TXN0740,C12351,P12355,7,39.99,2024-04-14,Credit Card,Completed
TXN0770,C12356,P12349,9,59.99,2024-04-14,Credit Card,Completed
TXN0406,C12364,P12356,3,39.99,2024-04-14,UPI,Completed
TXN0031,C12350,P12347,3,39.99,2024-04-14,Credit Card,Completed
TXN0902,C12360,P12347,7,39.99,2024-04-14,Debit Card,Completed
TXN0588,C12358,P12353,4,29.99,2024-04-14,Debit Card,Completed
TXN0612,C12351,P12346,8,29.99,2024-04-14,Debit Card,Completed
TXN0180,C12352,P12354,7,34.99,2024-04-14,Credit Card,Completed
TXN0369,C12346,P12352,2,24.99,2024-04-14,Debit Card,Completed
TXN0847,C12351,P12346,6,29.99,2024-04-14,Debit Card,Completed
TXN0046,C12349,P12348,7,49.99,2024-04-14,Debit Card,Completed
TXN0198,C12346,P12354,6,34.99,2024-04-14,Debit Card,Completed
TXN0778,C12357,P12362,9,149.99,2024-04-14,UPI,Completed
TXN0726,C12352,P12352,5,24.99,2024-04-14,UPI,Completed
TXN0457,C12357,P12360,7,79.99,2024-04-14,Credit Card,Completed
TXN0296,C12364,P12348,4,49.99,2024-04-14,Debit Card,Completed
TXN0825,C12357,P12357,6,49.99,2024-04-14,Debit Card,Completed
TXN0800,C12348,P12361,4,99.99,2024-04-14,Debit Card,Completed
TXN0125,C12349,P12355,3,39.99,2024-04-14,Debit Card,Completed
TXN0304,C12361,P12355,10,39.99,2024-04-14,UPI,Completed
TXN0944,C12360,P12365,10,299.99,2024-04-14,Debit Card,Completed
TXN0463,C12355,P12356,4,39.99,2024-04-14,UPI,Completed
TXN0599,C12355,P12347,6,39.99,2024-04-14,Debit Card,Completed
TXN0155,C12352,P12346,6,29.99,2024-04-14,UPI,Completed
TXN0225,C12351,P12357,7,49.99,2024-04-14,Debit Card,Completed
TXN0219,C12353,P12357,4,49.99,2024-04-14,Debit Card,Completed
TXN0417,C12358,P12364,2,249.99,2024-04-14,UPI,Completed
TXN0924,C12356,P12348,4,49.99,2024-04-14,UPI,Completed
TXN0323,C12348,P12355,6,39.99,2024-04-14,Debit Card,Completed
TXN0380,C12348,P12351,6,19.99,2024-04-14,Debit Card,Completed
TXN0016,C12361,P12354,6,34.99,2024-04-14,Debit Card,Completed
TXN0989,C12348,P12365,4,299.99,2024-04-14,Debit Card,Completed
TXN0919,C12350,P12348,9,49.99,2024-04-14,Credit Card,Completed
TXN0043,C12349,P12347,9,39.99,2024-04-14,Credit Card,Completed
TXN0320,C12352,P12360,2,79.99,2024-04-14,Credit Card,Completed
TXN0936,C12352,P12355,1,39.99,2024-04-14,Credit Card,Completed
TXN0906,C12354,P12358,5,59.99,2024-04-14,Credit Card,Completed
TXN0542,C12356,P12364,6,249.99,2024-04-14,UPI,Completed
TXN0207,C12354,P12359,2,69.99,2024-04-14,Debit Card,Completed
TXN0611,C12356,P12355,2,39.99,2024-04-14,Debit Card,Completed
TXN0082,C12359,P12352,7,24.99,2024-04-14,Debit Card,Completed
TXN0264,C12348,P12361,4,99.99,2024-04-14,Credit Card,Completed
TXN0774,C12362,P12357,10,49.99,2024-04-14,UPI,Completed
TXN0570,C12359,P12356,7,39.99,2024-04-14,Debit Card,Completed
TXN0030,C12348,P12346,5,29.99,2024-04-14,Debit Card,Completed
TXN0098,C12348,P12349,2,59.99,2024-04-14,Credit Card,Completed
TXN0402,C12360,P12364,5,249.99,2024-04-14,Credit Card,Completed
TXN0243,C12357,P12360,10,79.99,2024-04-14,UPI,Completed
TXN0246,C12352,P12355,2,39.99,2024-04-14,Credit Card,Completed
TXN0701,C12362,P12359,5,69.99,2024-04-14,UPI,Completed
TXN0958,C12365,P12363,1,199.99,2024-04-14,UPI,Completed
TXN0786,C12360,P12362,6,149.99,2024-04-14,Credit Card,Completed
TXN0110,C12355,P12357,1,49.99,2024-04-14,Debit Card,Completed
TXN0884,C12353,P12361,1,99.99,2024-04-14,Debit Card,Completed
TXN0613,C12361,P12359,9,69.99,2024-04-14,UPI,Completed
TXN0435,C12357,P12355,7,39.99,2024-04-14,Credit Card,Completed
TXN0365,C12347,P12360,7,79.99,2024-04-14,Credit Card,Completed
TXN0258,C12364,P12351,2,19.99,2024-04-14,Debit Card,Completed
TXN0343,C12352,P12357,6,49.99,2024-04-14,Debit Card,Completed
TXN0792,C12356,P12354,7,34.99,2024-04-14,Credit Card,Completed
TXN0903,C12351,P12360,6,79.99,2024-04-14,Debit Card,Completed
TXN0564,C12355,P12350,8,69.99,2024-04-14,Credit Card,Completed
TXN0372,C12349,P12356,3,39.99,2024-04-14,UPI,Completed
TXN0756,C12355,P12365,4,299.99,2024-04-14,UPI,Completed
TXN0158,C12362,P12346,5,29.99,2024-04-14,UPI,Completed
TXN0374,C12351,P12358,8,59.99,2024-04-14,Credit Card,Completed
TXN0023,C12355,P12349,3,59.99,2024-04-14,Credit Card,Completed
TXN0826,C12351,P12352,5,24.99,2024-04-14,Credit Card,Completed
TXN0960,C12355,P12363,10,199.99,2024-04-14,UPI,Completed
TXN0283,C12347,P12363,8,199.99,2024-04-14,Credit Card,Completed
TXN0939,C12348,P12351,8,19.99,2024-04-14,Credit Card,Completed
TXN0218,C12359,P12347,8,39.99,2024-04-14,Credit Card,Completed
TXN0171,C12348,P12346,3,29.99,2024-04-14,UPI,Completed
TXN0423,C12359,P12352,2,24.99,2024-04-14,Credit Card,Completed
TXN0868,C12349,P12359,6,69.99,2024-04-14,Debit Card,Completed
TXN0278,C12351,P12348,9,49.99,2024-04-14,UPI,Completed
TXN0850,C12360,P12350,10,69.99,2024-04-14,Debit Card,Completed
TXN0751,C12358,P12359,9,69.99,2024-04-14,Debit Card,Completed
TXN0064,C12351,P12362,1,149.99,2024-04-14,UPI,Completed
TXN0898,C12360,P12354,3,34.99,2024-04-14,UPI,Completed
TXN0558,C12365,P12354,7,34.99,2024-04-14,UPI,Completed
TXN0379,C12351,P12358,9,59.99,2024-04-14,Credit Card,Completed
TXN0821,C12356,P12357,7,49.99,2024-04-14,Credit Card,Completed
TXN0563,C12354,P12349,3,59.99,2024-04-14,Debit Card,Completed
TXN0003,C12356,P12346,7,29.99,2024-04-14,Debit Card,Completed
TXN0129,C12356,P12353,2,29.99,2024-04-14,UPI,Completed
TXN0419,C12362,P12350,4,69.99,2024-04-14,Debit Card,Completed
TXN0047,C12362,P12354,6,34.99,2024-04-14,Credit Card,Completed
TXN0495,C12354,P12362,10,149.99,2024-04-14,UPI,Completed
TXN0505,C12356,P12363,2,199.99,2024-04-14,Debit Card,Completed
TXN0394,C12364,P12355,4,39.99,2024-04-14,Debit Card,Completed
TXN0733,C12356,P12349,6,59.99,2024-04-14,UPI,Completed
TXN0037,C12363,P12355,2,39.99,2024-04-14,Debit Card,Completed
TXN0177,C12350,P12352,6,24.99,2024-04-14,Credit Card,Completed
TXN0971,C12363,P12365,5,299.99,2024-04-14,UPI,Completed
TXN0604,C12354,P12362,4,149.99,2024-04-14,Debit Card,Completed
TXN0181,C12351,P12357,2,49.99,2024-04-14,UPI,Completed
TXN0734,C12350,P12364,4,249.99,2024-04-14,Credit Card,Completed
TXN0079,C12352,P12362,8,149.99,2024-04-14,Debit Card,Completed
TXN0227,C12354,P12348,7,49.99,2024-04-14,UPI,Completed
TXN0049,C12353,P12353,9,29.99,2024-04-14,Credit Card,Completed
TXN0536,C12353,P12352,7,24.99,2024-04-14,Debit Card,Completed
TXN0115,C12346,P12363,3,199.99,2024-04-14,Debit Card,Completed
TXN0577,C12350,P12351,6,19.99,2024-04-14,Credit Card,Completed
TXN0208,C12360,P12346,5,29.99,2024-04-14,Credit Card,Completed
TXN0334,C12351,P12361,8,99.99,2024-04-14,Debit Card,Completed
TXN0587,C12360,P12355,10,39.99,2024-04-14,Debit Card,Completed
TXN0926,C12359,P12356,6,39.99,2024-04-14,UPI,Completed
TXN0647,C12353,P12351,9,19.99,2024-04-14,UPI,Completed
TXN0460,C12349,P12361,5,99.99,2024-04-14,Debit Card,Completed
TXN0852,C12362,P12348,5,49.99,2024-04-14,UPI,Completed
TXN0737,C12347,P12360,7,79.99,2024-04-14,Credit Card,Completed
TXN0012,C12347,P12349,1,59.99,2024-04-14,UPI,Completed
TXN0541,C12346,P12358,10,59.99,2024-04-14,Debit Card,Completed
TXN0441,C12360,P12363,6,199.99,2024-04-14,Debit Card,Completed
TXN0273,C12360,P12354,5,34.99,2024-04-14,Debit Card,Completed
TXN0488,C12349,P12347,3,39.99,2024-04-14,Credit Card,Completed
TXN0916,C12347,P12351,2,19.99,2024-04-14,Credit Card,Completed
TXN0292,C12365,P12361,2,99.99,2024-04-14,Debit Card,Completed
TXN0029,C12351,P12349,5,59.99,2024-04-14,Credit Card,Completed
TXN0507,C12351,P12354,9,34.99,2024-04-14,Debit Card,Completed
TXN0277,C12362,P12355,10,39.99,2024-04-14,UPI,Completed
TXN0606,C12365,P12359,8,69.99,2024-04-14,Debit Card,Completed
TXN0602,C12356,P12363,7,199.99,2024-04-14,Credit Card,Completed
TXN0492,C12347,P12350,9,69.99,2024-04-14,Credit Card,Completed
TXN0209,C12354,P12357,1,49.99,2024-04-14,UPI,Completed
TXN0693,C12362,P12360,9,79.99,2024-04-14,Credit Card,Completed
TXN0491,C12352,P12356,9,39.99,2024-04-14,Credit Card,Completed
TXN0842,C12365,P12355,4,39.99,2024-04-14,Credit Card,Completed
TXN0525,C12359,P12352,4,24.99,2024-04-14,Debit Card,Completed
TXN0057,C12360,P12359,6,69.99,2024-04-14,Credit Card,Completed
TXN0345,C12362,P12363,2,199.99,2024-04-14,UPI,Completed
TXN0288,C12349,P12362,4,149.99,2024-04-14,Debit Card,Completed
TXN0624,C12365,P12348,4,49.99,2024-04-14,Debit Card,Completed
TXN0154,C12364,P12360,2,79.99,2024-04-14,Debit Card,Completed
TXN0425,C12355,P12362,5,149.99,2024-04-14,Debit Card,Completed
TXN0814,C12351,P12355,4,39.99,2024-04-14,Debit Card,Completed
TXN0061,C12357,P12362,3,149.99,2024-04-14,Debit Card,Completed
TXN0860,C12357,P12361,10,99.99,2024-04-14,Debit Card,Completed
TXN0835,C12357,P12358,10,59.99,2024-04-14,Debit Card,Completed
TXN0070,C12363,P12360,4,79.99,2024-04-14,UPI,Completed
TXN0596,C12357,P12350,7,69.99,2024-04-14,UPI,Completed
TXN0299,C12362,P12361,7,99.99,2024-04-14,Credit Card,Completed
TXN0705,C12362,P12347,6,39.99,2024-04-14,Debit Card,Completed
TXN0629,C12356,P12350,1,69.99,2024-04-14,Credit Card,Completed
TXN0101,C12355,P12354,5,34.99,2024-04-14,UPI,Completed
TXN0573,C12356,P12361,2,99.99,2024-04-14,Debit Card,Completed
TXN0608,C12363,P12351,7,19.99,2024-04-14,Credit Card,Completed
TXN0514,C12346,P12360,3,79.99,2024-04-14,UPI,Completed
TXN0609,C12353,P12356,5,39.99,2024-04-14,Debit Card,Completed
TXN0834,C12351,P12356,8,39.99,2024-04-14,Credit Card,Completed
TXN0787,C12362,P12349,9,59.99,2024-04-14,Credit Card,Completed
TXN0744,C12363,P12347,10,39.99,2024-04-14,Debit Card,Completed
TXN0874,C12351,P12357,8,49.99,2024-04-14,Debit Card,Completed
TXN0235,C12356,P12350,3,69.99,2024-04-14,Credit Card,Completed
TXN0166,C12364,P12363,4,199.99,2024-04-14,Credit Card,Completed
TXN0569,C12363,P12355,8,39.99,2024-04-14,UPI,Completed
TXN0021,C12350,P12363,6,199.99,2024-04-14,Debit Card,Completed
TXN0899,C12362,P12350,5,69.99,2024-04-14,Credit Card,Completed
TXN0949,C12352,P12356,10,39.99,2024-04-14,UPI,Completed
TXN0870,C12355,P12350,10,69.99,2024-04-14,Credit Card,Completed
TXN0144,C12357,P12361,6,99.99,2024-04-14,Debit Card,Completed
TXN0173,C12359,P12363,8,199.99,2024-04-14,UPI,Completed
TXN0755,C12361,P12360,2,79.99,2024-04-14,UPI,Completed
TXN0901,C12364,P12354,7,34.99,2024-04-14,Credit Card,Completed
TXN0676,C12365,P12363,3,199.99,2024-04-14,Debit Card,Completed
TXN0788,C12358,P12364,6,249.99,2024-04-14,Credit Card,Completed
TXN0214,C12357,P12363,1,199.99,2024-04-14,UPI,Completed
TXN0597,C12360,P12357,2,49.99,2024-04-14,Debit Card,Completed
TXN0856,C12358,P12353,6,29.99,2024-04-14,Credit Card,Completed
TXN0816,C12363,P12349,7,59.99,2024-04-14,Debit Card,Completed
TXN0642,C12351,P12364,1,249.99,2024-04-14,Debit Card,Completed
TXN0411,C12357,P12351,9,19.99,2024-04-14,Credit Card,Completed
TXN0275,C12355,P12360,1,79.99,2024-04-14,Debit Card,Completed
TXN0716,C12350,P12348,2,49.99,2024-04-14,Debit Card,Completed
TXN0231,C12357,P12348,2,49.99,2024-04-14,Debit Card,Completed
TXN0215,C12356,P12358,9,59.99,2024-04-14,UPI,Completed
TXN0644,C12353,P12359,6,69.99,2024-04-14,Debit Card,Completed
TXN0298,C12348,P12360,7,79.99,2024-04-14,Credit Card,Completed
TXN0909,C12353,P12354,6,34.99,2024-04-14,Debit Card,Completed
TXN0332,C12353,P12363,8,199.99,2024-04-14,Debit Card,Completed
TXN0390,C12359,P12361,2,99.99,2024-04-14,Debit Card,Completed
TXN0750,C12346,P12352,3,24.99,2024-04-14,Debit Card,Completed
TXN0704,C12362,P12355,10,39.99,2024-04-14,Credit Card,Completed
TXN0480,C12352,P12353,10,29.99,2024-04-14,Debit Card,Completed
TXN0869,C12350,P12351,4,19.99,2024-04-14,Debit Card,Completed
TXN0865,C12354,P12360,3,79.99,2024-04-14,Credit Card,Completed
TXN0499,C12347,P12351,6,19.99,2024-04-14,Credit Card,Completed
TXN0556,C12362,P12346,10,29.99,2024-04-14,UPI,Completed
TXN0698,C12361,P12352,2,24.99,2024-04-14,UPI,Completed
TXN0735,C12349,P12353,6,29.99,2024-04-14,Debit Card,Completed
TXN0303,C12358,P12354,9,34.99,2024-04-14,Credit Card,Completed
TXN0500,C12353,P12356,8,39.99,2024-04-14,Credit Card,Completed
TXN0442,C12357,P12364,9,249.99,2024-04-14,Debit Card,Completed
TXN0077,C12354,P12355,4,39.99,2024-04-14,Credit Card,Completed
TXN0579,C12350,P12346,8,29.99,2024-04-14,Credit Card,Completed
TXN0664,C12356,P12356,7,39.99,2024-04-14,Debit Card,Completed
TXN0791,C12348,P12365,3,299.99,2024-04-14,Debit Card,Completed
TXN0172,C12353,P12347,7,39.99,2024-04-14,Debit Card,Completed
TXN0065,C12352,P12358,1,59.99,2024-04-14,Credit Card,Completed
TXN0692,C12358,P12353,2,29.99,2024-04-14,Debit Card,Completed
TXN0503,C12351,P12356,9,39.99,2024-04-14,Debit Card,Completed
TXN0170,C12364,P12364,1,249.99,2024-04-14,Credit Card,Completed
TXN0886,C12363,P12363,8,199.99,2024-04-14,Credit Card,Completed
TXN0943,C12364,P12361,9,99.99,2024-04-14,UPI,Completed
TXN0456,C12362,P12354,2,34.99,2024-04-14,Debit Card,Completed
TXN0174,C12364,P12361,9,99.99,2024-04-14,UPI,Completed
TXN0493,C12358,P12349,7,59.99,2024-04-14,Debit Card,Completed
TXN0502,C12365,P12356,1,39.99,2024-04-14,UPI,Completed
TXN0055,C12357,P12352,10,24.99,2024-04-14,Debit Card,Completed
TXN0063,C12358,P12363,8,199.99,2024-04-14,UPI,Completed
TXN0443,C12347,P12360,10,79.99,2024-04-14,Credit Card,Completed
TXN0889,C12362,P12353,3,29.99,2024-04-14,UPI,Completed
TXN0097,C12355,P12357,8,49.99,2024-04-14,UPI,Completed
TXN0014,C12365,P12354,6,34.99,2024-04-14,Debit Card,Completed
TXN0772,C12351,P12354,8,34.99,2024-04-14,UPI,Completed
TXN0594,C12349,P12347,4,39.99,2024-04-14,Debit Card,Completed
TXN0317,C12351,P12349,1,59.99,2024-04-14,UPI,Completed
